{"cameraMode":{"drawMode":0,"name":"Shaded","section":"Shading Mode"},"sceneLighting":true,"audioPlay":false,"sceneViewState":{"m_AlwaysRefresh":false,"showFog":true,"showSkybox":true,"showFlares":true,"showImageEffects":true,"showParticleSystems":true,"showVisualEffectGraphs":true,"m_FxEnabled":true},"in2DMode":false,"pivot":{"x":-42.099552154541019,"y":2.7658610343933107,"z":-28.274751663208009},"rotation":{"x":0.1797984540462494,"y":0.25921517610549929,"z":-0.04918153956532478,"w":0.9476626515388489},"size":0.47565868496894839,"orthographic":false}